lambda,kappa
2.000000000000000174e-07,8.507432905921159545e+02
2.200000000000000112e-07,1.035583178356053622e+03
2.400000000000000315e-07,1.027300797723862388e+03
2.599999999999999988e-07,1.010142868615795123e+03
2.800000000000000191e-07,1.039867168338221745e+03
3.000000000000000394e-07,2.802300647002095957e+02
3.200000000000000067e-07,6.361725123519331504e+01
3.400000000000000270e-07,1.441436629294140381e+01
3.600000000000000472e-07,5.235987755982987935e+00
3.800000000000000146e-07,3.637633598893444731e+00
4.000000000000000348e-07,2.199114857512855181e+00
4.200000000000000022e-07,2.094395102393195707e+00
4.400000000000000224e-07,1.999195325011686508e+00
4.600000000000000427e-07,1.912273789141613278e+00
4.800000000000000630e-07,2.094395102393195263e+00
5.000000000000000833e-07,2.010619298297467328e+00
5.199999999999999976e-07,1.691626813471427182e+00
5.400000000000000179e-07,1.861684535460617962e+00
5.600000000000000382e-07,1.795195802051310130e+00
5.800000000000000585e-07,1.733292498532299497e+00
6.000000000000000787e-07,1.675516081914556032e+00
6.199999999999999931e-07,1.621467176046344827e+00
6.400000000000000134e-07,1.767145867644258628e+00
6.600000000000000337e-07,2.094395102393195263e+00
6.800000000000000539e-07,1.847995678582231127e+00
7.000000000000000742e-07,1.974715382256441165e+00
7.200000000000000945e-07,2.094395102393195263e+00
7.400000000000000089e-07,2.037789829355541649e+00
7.600000000000000291e-07,1.984163781214606237e+00
7.800000000000000494e-07,2.094395102393195263e+00
8.000000000000000697e-07,2.042035224833365081e+00
8.400000000000000043e-07,1.196797201367540309e+00
8.800000000000000449e-07,7.139983303613166576e-01
9.200000000000000854e-07,1.365909849386866437e+00
9.600000000000001260e-07,1.439896632895321771e+00
1.000000000000000167e-06,1.130973355292325344e+00
1.039999999999999995e-06,7.249829200591830780e-01
1.080000000000000036e-06,6.981317007977317912e-01
1.120000000000000076e-06,6.731984257692413820e-01
1.160000000000000117e-06,4.333231246330748743e-01
1.200000000000000157e-06,4.188790204786390081e-01
1.239999999999999986e-06,4.053667940115862067e-01
1.280000000000000027e-06,3.926990816987241395e-01
1.320000000000000067e-06,5.711986642890533039e-01
1.360000000000000108e-06,1.108797407149338721e+00
1.400000000000000148e-06,7.180783208205240298e-01
1.440000000000000189e-06,6.981317007977316802e-01
1.480000000000000018e-06,5.943553668953662772e-01
1.520000000000000058e-06,5.787144361875934395e-01
1.560000000000000099e-06,4.027682889217683582e-01
1.600000000000000139e-06,3.926990816987241395e-01
1.640000000000000180e-06,6.129936885053254292e-01
1.680000000000000009e-06,8.975979010256551760e-01
1.720000000000000049e-06,1.095904414042951247e+00
1.760000000000000090e-06,1.285196994650369851e+00
1.800000000000000130e-06,4.886921905584122872e-01
1.840000000000000171e-06,1.843978296672269757e+00
1.880000000000000211e-06,1.403690334582673671e+00
1.920000000000000252e-06,2.487094184091919402e+00
1.960000000000000292e-06,1.987538209413950652e+00
2.000000000000000333e-06,2.764601535159017409e+00
2.039999999999999950e-06,2.710393661920606156e+00
2.079999999999999991e-06,2.779101193560201910e+00
2.120000000000000031e-06,3.082317320503193070e+00
2.160000000000000072e-06,4.596033696918401468e+00
2.200000000000000112e-06,5.312147577888195471e+00
2.240000000000000153e-06,6.227085438365483228e+00
2.280000000000000193e-06,5.621797380108050746e+00
2.320000000000000234e-06,5.741531401388241918e+00
2.360000000000000274e-06,5.910453975397746973e+00
2.400000000000000315e-06,6.754424205218054311e+00
2.440000000000000355e-06,7.931233912341443926e+00
2.479999999999999972e-06,8.715386071249103139e+00
2.520000000000000013e-06,9.574377610940322469e+00
2.560000000000000054e-06,1.011200135374214604e+01
2.600000000000000094e-06,1.251803841968856190e+01
2.640000000000000135e-06,1.337556872210200076e+01
2.680000000000000175e-06,1.481706385872201004e+01
2.689702715227994223e-06,1.562546678356435415e+01
2.690896937840011621e-06,1.617841606125448095e+01
2.692086423512036931e-06,1.688095452714368960e+01
2.693517081477275690e-06,1.771633973980771160e+01
2.694941271839804072e-06,1.877357577833642210e+01
2.696134336510997132e-06,1.958880757090688718e+01
2.697087657776256559e-06,2.032123040657040391e+01
2.698769064442017273e-06,2.132691313204150774e+01
2.700214126980269743e-06,2.216715714282779714e+01
2.701906005553497907e-06,2.308505959302823030e+01
2.703600736568984601e-06,2.399457157638902771e+01
2.705547183390104758e-06,2.489178264096628368e+01
2.707992803238326267e-06,2.572296341221058924e+01
2.710439175169992142e-06,2.673640430789805933e+01
2.712644912882052625e-06,2.768260781307065344e+01
2.715345203193354581e-06,2.888464271772625125e+01
2.718053829968881161e-06,3.002264838676084935e+01
2.721276518159350450e-06,3.084586830112590050e+01
2.725509322740913835e-06,3.169158790259833580e+01
2.728510727003497673e-06,3.206114291386788295e+01
2.732288214875888286e-06,3.187579315610918229e+01
2.737093168735498412e-06,3.144763571247835543e+01
2.740397987999797091e-06,3.084586830112590050e+01
2.744220534343645578e-06,3.019715303998766842e+01
2.747546372400786799e-06,2.950509382391114599e+01
2.751391929176970890e-06,2.877325535656970246e+01
2.755766096085296415e-06,2.789735313974559361e+01
2.758610796706108614e-06,2.710048105413850905e+01
2.762231783840999308e-06,2.637721868801394010e+01
2.766125474217636170e-06,2.552495587531875643e+01
2.770032459240357731e-06,2.460492241831387261e+01
2.773954344040242551e-06,2.362653315486057792e+01
2.778148969348404766e-06,2.264331457031092754e+01
2.782347009867315342e-06,2.195406774494064805e+01
2.785779930628508094e-06,2.108108697281723920e+01
2.789211997404917024e-06,2.047891766812576364e+01
2.792655650757186697e-06,1.981718665724381978e+01
2.797447720597635518e-06,1.870117955429940437e+01
2.801175373186589385e-06,1.813188684042870236e+01
2.803845754837334744e-06,1.768214713261750148e+01
2.806789061381670066e-06,1.721028253333852120e+01
2.810010155376701684e-06,1.665417025031118925e+01
2.813229945257358796e-06,1.627248950071957623e+01
2.815926542613838788e-06,1.580763865975953664e+01
2.819431749169818598e-06,1.538579706858902796e+01
2.822676365759016288e-06,1.497517823232889356e+01
2.826467607974595559e-06,1.457555162461367182e+01
2.830536621624337409e-06,1.424150871607009528e+01
2.835160641619534542e-06,1.388823319309329385e+01
2.839252322650362613e-06,1.359618295597033288e+01
2.844439589934211024e-06,1.343949654559031615e+01
2.850194896327010575e-06,1.325894594342006272e+01
2.855972724318093487e-06,1.310611577355660984e+01
2.864534173749466225e-06,1.303037756786593704e+01
2.870918343617919911e-06,1.298012874234497716e+01
2.877046263191617005e-06,1.303037756786593704e+01
2.883479737211190812e-06,1.308082091722532603e+01
2.890783315555015860e-06,1.320781569352263851e+01
2.897557156488079463e-06,1.333601268763940872e+01
2.903788485723669051e-06,1.354375222466210538e+01
2.909195005377647115e-06,1.367524135633672877e+01
2.914904606831836979e-06,1.386142884698615596e+01
2.920925010215935533e-06,1.405018361949547057e+01
2.926967763840532971e-06,1.426904803636147889e+01
2.928674476074779632e-06,1.435568763623301614e+01
2.932171255221464047e-06,1.440754550707242565e+01
2.934218919726225636e-06,1.452205241701587468e+01
2.939786124679857294e-06,1.466202649627694399e+01
2.945666012139678670e-06,1.486055399376650143e+01
2.950980669896220008e-06,1.500382534440599969e+01
2.959586841676902167e-06,1.517721198146100825e+01
2.967942070519490737e-06,1.538232560379412384e+01
2.973339256225131692e-06,1.550065320732752916e+01
2.981173294411134801e-06,1.561949541634906602e+01
2.989049616729112916e-06,1.570890813602619396e+01
2.995441537068888717e-06,1.579908734177297447e+01
3.002169067151016603e-06,1.585904385252928606e+01
3.009234739568788810e-06,1.591922789435142782e+01
3.016958929534700629e-06,1.588718672811512889e+01
3.023474558822151114e-06,1.591680882329840685e+01
3.029396047486389098e-06,1.591581930927610600e+01
3.036592457407994940e-06,1.594538464349649942e+01
3.045716200164468617e-06,1.597467384763985976e+01
3.052037234854265262e-06,1.603540746607452405e+01
3.057753315751251655e-06,1.603448442038738619e+01
3.064124464735757631e-06,1.609544543078875733e+01
3.069883126479491820e-06,1.612560435165315198e+01
3.074695105546596186e-06,1.621851175792446043e+01
3.080495503862787206e-06,1.621754082989961887e+01
3.085990190871579501e-06,1.627938521907247349e+01
3.092804867827437508e-06,1.634123968310782260e+01
3.099324037427436934e-06,1.640336693685517133e+01
3.105870747946475953e-06,1.646576830407604675e+01
3.112775546782370552e-06,1.649646918046883926e+01
3.120375019151301608e-06,1.652707507879947357e+01
3.126345305464257437e-06,1.659006165380111142e+01
3.132340444059375129e-06,1.662114736427143669e+01
3.138356649754062684e-06,1.668445404210219962e+01
3.145405820258930273e-06,1.674784758851743049e+01
3.152828639034225566e-06,1.674665216751247954e+01
3.159945042235825550e-06,1.677783812712432265e+01
3.168798740085621195e-06,1.684131503964781373e+01
3.174271639565264444e-06,1.687298809146850687e+01
3.181834524877332643e-06,1.683922112753694122e+01
3.187701084169016218e-06,1.683829058349996544e+01
3.196371989936542667e-06,1.677200564873670885e+01
3.204043759548050401e-06,1.667393100119383931e+01
3.211049091481825516e-06,1.660856077393908237e+01
3.218794670834791136e-06,1.647961266987937989e+01
3.225864725298263749e-06,1.641500426858376827e+01
3.233321316155775136e-06,1.635061151612069352e+01
3.241526810992406524e-06,1.628635886087392848e+01
3.249059234898535176e-06,1.619119860595211335e+01
3.256984195484191835e-06,1.612760952742650744e+01
3.262775806517394860e-06,1.603363526528258021e+01
3.270044884636086810e-06,1.590922412101773098e+01
3.275155651772350641e-06,1.578610546695343864e+01
3.281012126620819834e-06,1.569408498404122021e+01
3.288730474396082520e-06,1.557227268451145719e+01
3.295007996984408985e-06,1.545161932231747315e+01
3.301679035856894478e-06,1.533183017182434327e+01
3.306509823475360157e-06,1.530160546610431460e+01
3.312474680271662628e-06,1.527126452651154054e+01
3.322207261215522569e-06,1.529949161720847961e+01
3.328977920553941939e-06,1.532815911565907818e+01
3.336151269105304483e-06,1.541622357205041105e+01
3.344498383771155817e-06,1.547476277157389468e+01
3.350595601874189436e-06,1.550386578176181729e+01
3.358241409870342086e-06,1.565323120473490626e+01
3.364769250854314895e-06,1.574327203926847574e+01
3.372862153484790588e-06,1.595640313020350121e+01
3.379830792151221763e-06,1.611023961764342971e+01
3.386437183622106081e-06,1.629705007570697717e+01
3.393843296752227461e-06,1.661376258530004435e+01
3.400889740773980979e-06,1.690398115960505976e+01
3.407561378699333771e-06,1.733269121289406201e+01
3.414662629624861671e-06,1.766957078082210231e+01
3.419805392554331324e-06,1.797852258532937952e+01
3.426542132419406333e-06,1.857740289907138731e+01
3.432912984581414716e-06,1.904864113361509226e+01
3.438496304304171992e-06,1.964536037816052882e+01
3.444100187496814178e-06,2.022176224890050733e+01
3.449727126584286839e-06,2.073480712904681056e+01
3.456178593190153180e-06,2.138424886510859224e+01
3.461019574834511307e-06,2.209693305794487728e+01
3.465887350342984171e-06,2.261403187594881459e+01
3.471583354452132110e-06,2.323255639311789267e+01
3.475241338134726962e-06,2.386843806558695746e+01
3.479735066890947210e-06,2.447428426540570712e+01
3.483824082212674205e-06,2.514403658987338019e+01
3.488333964721781003e-06,2.588200996019584466e+01
3.492021255234976579e-06,2.674483974822742383e+01
3.495712683179714343e-06,2.768987530471769887e+01
3.499001734805059945e-06,2.855794810047541432e+01
3.502715304904362228e-06,2.939625459091586279e+01
3.506430618432674916e-06,3.043497854954035375e+01
3.510575256903897157e-06,3.144951845112219857e+01
3.514725998990570795e-06,3.256072002440659219e+01
3.518890282760428907e-06,3.364612081203075178e+01
3.521797638212068256e-06,3.476802329827022930e+01
3.525978705909399070e-06,3.592708653249582085e+01
3.530167220491067549e-06,3.719640776399100446e+01
3.531821713639895378e-06,3.836295037335015223e+01
3.537294938590791562e-06,3.987172267973429740e+01
3.540657726741950892e-06,4.128069495780951570e+01
3.544028170771123744e-06,4.265706787724213456e+01
3.549105962462526005e-06,4.450635216043701803e+01
3.557594610671076433e-06,4.798406094309476089e+01
3.569564748691933288e-06,5.263904481556159709e+01
3.575604366528052275e-06,5.418336837735878220e+01
3.581672153788406030e-06,5.545095114986911256e+01
3.586008256425409527e-06,5.685844785904505017e+01
3.590786759332903355e-06,5.852723402422039101e+01
3.597775854966459896e-06,6.036038483363093121e+01
3.602144572792858098e-06,6.213209534175446436e+01
3.607415113914954454e-06,6.370888436175274450e+01
3.611804677937182883e-06,6.570569297363525152e+01
3.616201014489032640e-06,6.789597042608464506e+01
3.621499684748452806e-06,7.029428211040330154e+01
3.625928872328868590e-06,7.221809030483440495e+01
3.629474234362410737e-06,7.405186487660847661e+01
3.635258517774233353e-06,7.681570132438200460e+01
3.640169267870956022e-06,7.907004755595251311e+01
3.643734580170723747e-06,8.154887985430153208e+01
3.649122294860028668e-06,8.394193960116943742e+01
3.658122146893358283e-06,8.894202232005910957e+01
3.662638740755499829e-06,9.155266696708277152e+01
3.667623794222832306e-06,9.423950580613613681e+01
3.672169289942001488e-06,9.663178455932784061e+01
3.677177633787673506e-06,9.966002688650711150e+01
3.682194234272980216e-06,1.031808259438540034e+02
3.687699089654602994e-06,1.060039381428405534e+02
3.690903104935328012e-06,1.086958592429735972e+02
3.694580825790538776e-06,1.112407734949677121e+02
3.700110485299091327e-06,1.151704330972104060e+02
3.705202252170136972e-06,1.183218632476488068e+02
3.711700355914947295e-06,1.225008211833046090e+02
3.719619542434721327e-06,1.280566097915028649e+02
3.723346424619362611e-06,1.318159609388743831e+02
3.728512118596513722e-06,1.343810406643520707e+02
3.733682407747242046e-06,1.380581342708289583e+02
3.739346601532234729e-06,1.412888856995484730e+02
3.745509134547677384e-06,1.443155071854113487e+02
3.751207888940238758e-06,1.479779477629225823e+02
3.757902399007312403e-06,1.499847142426245910e+02
3.764608091121586228e-06,1.531972607692455028e+02
3.773283043016935944e-06,1.555729188516006616e+02
3.782010940601249229e-06,1.567700150375277417e+02
3.793219468471328788e-06,1.585845959452435920e+02
3.803510640321016317e-06,1.604212884035580089e+02
3.812879143169798973e-06,1.610319307161490201e+02
3.824286283011717289e-06,1.613310647261088207e+02
3.832764231724326162e-06,1.613221494883360094e+02
3.842781066771395028e-06,1.619354751790845057e+02
3.851839754221809250e-06,1.625526298119618502e+02
3.861962641690581666e-06,1.625417757277517126e+02
3.871621671324872567e-06,1.631604896578714659e+02
3.881329137875290529e-06,1.637815587174686414e+02
3.890570696143705142e-06,1.644057489860344390e+02
3.902967543312207288e-06,1.647103917026318811e+02
3.913350591209440443e-06,1.656563164058143229e+02
3.928513623299542750e-06,1.662815254399017988e+02
3.941682026087628642e-06,1.665892603709148148e+02
3.962891484142490233e-06,1.714620453231688373e+02
3.970896505333112531e-06,1.741225424973989675e+02
3.978932348998522416e-06,1.768243213745315927e+02
3.986458796759168423e-06,1.799156739515227343e+02
3.997799611094053310e-06,1.848327818635073925e+02
4.007564679088247128e-06,1.898860235843797284e+02
4.014094287863546232e-06,1.939545624086549367e+02
4.022835221853327690e-06,1.996434195597537951e+02
4.030510968027972173e-06,2.051044107837547301e+02
4.039870287844798010e-06,2.119366181187598954e+02
4.048165067978811862e-06,2.181539093433280527e+02
4.053696890490189173e-06,2.245572080405962936e+02
4.065948051008131761e-06,2.356454182429677360e+02
4.074909883367929199e-06,2.434960945900695606e+02
4.081091283809291296e-06,2.491948140189395531e+02
4.088994512160465036e-06,2.555171177785132102e+02
4.095213718965958261e-06,2.625088805709709163e+02
4.107152318261590322e-06,2.738810599713014540e+02
4.115734452813104485e-06,2.808290300734822154e+02
4.122043824745535774e-06,2.868467938234505255e+02
4.130684958441178771e-06,2.946917650692035409e+02
4.135295282827317901e-06,3.010100528543189284e+02
4.145732445206890155e-06,3.110362448303736187e+02
4.153305137929186680e-06,3.183134575748189263e+02
4.161502935108020464e-06,3.245039592760293772e+02
4.169140356611589859e-06,3.308163761803551211e+02
4.178579099248775052e-06,3.385532599487170273e+02
4.189264256275727647e-06,3.451334080937039062e+02
4.200609340390917206e-06,3.504838412514734500e+02
4.210208998984918658e-06,3.559213172100172642e+02
4.220459945724885231e-06,3.607439032197013944e+02
4.230145284339790552e-06,3.670489617958709232e+02
4.239871582769500940e-06,3.741846778533835618e+02
4.247792422278141955e-06,3.829393537206150882e+02
4.255730234367319180e-06,3.941758383757074284e+02
4.261840671938848193e-06,4.065303744274664837e+02
4.269213166936481573e-06,4.184600474856327423e+02
4.274117993010962114e-06,4.315777037642087066e+02
4.280893388202971231e-06,4.476885633084611413e+02
4.285200673804954332e-06,4.617245854010463972e+02
4.292014963680969505e-06,4.780364361582728634e+02
4.298832480086733114e-06,4.997260624511085894e+02
4.306320645190184302e-06,5.173792417495316158e+02
4.311935783202768735e-06,5.356609657847520793e+02
4.319482767855445423e-06,5.513799885043541735e+02
4.325149141955286890e-06,5.664714155226905632e+02
4.331458822336986841e-06,5.842248153695037445e+02
4.335881675523428225e-06,5.990609350011657170e+02
4.343492037293222288e-06,6.226227710549547965e+02
4.348569125072240777e-06,6.421418871081788211e+02
4.356224129473951856e-06,6.673981523448433109e+02
4.363915654238234880e-06,6.909728766888141536e+02
4.370344763387350036e-06,7.112544555725827422e+02
4.378088193959814862e-06,7.349605019942222270e+02
4.383917161501315989e-06,7.521647907548361900e+02
4.393038088958142714e-06,7.712496855979547945e+02
4.403507481779386980e-06,7.938711142187070209e+02
4.413389871799851688e-06,8.077482020431899628e+02
4.421335597057158399e-06,8.155507660648801220e+02
4.433307974811717491e-06,8.281976617028594774e+02
4.444003994270790523e-06,8.394232616897713797e+02
4.455460322566416660e-06,8.377568739723249109e+02
4.467668377485810213e-06,8.312621382323640091e+02
4.477899327867310634e-06,8.232353293299192956e+02
4.488874324985523631e-06,8.105746174402298720e+02
4.498530779847302465e-06,7.965737670072295487e+02
4.510304919164060532e-06,7.828075397668947062e+02
4.517301490573973284e-06,7.745545330921282812e+02
4.524262488661067195e-06,7.568398657416435071e+02
4.531232653874996568e-06,7.438185414791735184e+02
4.541016733646663752e-06,7.282106061475035403e+02
4.550134979754174211e-06,7.156834922209793604e+02
4.562793159460495419e-06,7.060882752500912147e+02
4.570559381621597515e-06,7.020159830810313224e+02
4.581198304040387440e-06,6.939417228769591475e+02
4.592580685901924921e-06,6.912704622110247783e+02
4.606876777102716964e-06,6.912704622110247783e+02
4.617642998013952291e-06,6.952804211831972907e+02
4.628433950858991500e-06,7.060882752500912147e+02
4.639992279052848174e-06,7.198350676140433961e+02
4.650150571875518155e-06,7.324348494985248408e+02
4.658868342244195491e-06,7.510243187084009833e+02
4.668333572974456423e-06,7.760487433512272446e+02
4.685877514910462014e-06,8.350413853211059632e+02
4.693213988030427690e-06,8.645298640456207977e+02
4.700573469963335383e-06,8.950617537605971847e+02
4.707224742679559899e-06,9.213253058446919113e+02
4.715384129337328454e-06,9.520242261237183357e+02
4.720554948439738647e-06,9.856438126864568403e+02
4.726507720514036798e-06,1.014565289335519878e+03
4.733978795562179327e-06,1.048371002407324795e+03
4.739947519301066250e-06,1.085392959095134529e+03
4.744406937271823796e-06,1.125892691476894470e+03
4.750377179948087990e-06,1.176944544081656886e+03
4.754849470975448092e-06,1.223215568694549347e+03
4.759327925784943611e-06,1.273758220952539887e+03
4.763034281462937513e-06,1.331514805964982770e+03
4.767537266646929846e-06,1.381195007916010354e+03
4.771267806967864589e-06,1.438268602901609938e+03
4.776546012706567322e-06,1.497697138403020290e+03
4.777990663806243593e-06,1.550586505298986822e+03
4.781765025979330363e-06,1.599167665697290886e+03
4.786292059541472923e-06,1.665244469572359776e+03
4.789283499242095994e-06,1.730712777510511842e+03
4.793048162944465140e-06,1.802224959263995061e+03
4.796041155788366398e-06,1.876691988410757858e+03
4.799033282735525666e-06,1.958010425993478748e+03
4.801277523923565740e-06,2.023252100776271163e+03
4.804299271331929662e-06,2.094700806884566191e+03
4.808087587969971883e-06,2.181252790996318708e+03
4.810344935404283295e-06,2.249593248846625556e+03
4.813382744311664529e-06,2.324550577564806190e+03
4.815628834444459669e-06,2.411281976736220258e+03
4.819462919052300935e-06,2.486829439633025231e+03
4.821730962841812908e-06,2.564737961624908621e+03
4.824776190694453705e-06,2.655314701479453561e+03
4.827804290469672850e-06,2.770365052156987076e+03
4.830859530681996343e-06,2.868197150464613060e+03
4.833899946972117707e-06,2.986716491735228374e+03
4.836176924762145109e-06,3.086235055801772432e+03
4.840048497285943381e-06,3.176793606417140381e+03
4.842324238157128251e-06,3.288978238606338437e+03
4.845397889538495779e-06,3.405124535687458774e+03
4.847690414855650170e-06,3.511809909692138717e+03
4.849973349396444384e-06,3.635825238305671974e+03
4.853049656404084353e-06,3.771481658563623114e+03
4.856120435671701031e-06,3.927326427363689163e+03
4.860002760481567780e-06,4.073859060095200675e+03
4.862285488119977872e-06,4.234020924804131027e+03
4.864579826782042080e-06,4.392006761100963558e+03
4.869274585210844859e-06,4.555877100269774019e+03
4.872403922285157632e-06,4.680529642069099282e+03
4.877120937967898934e-06,4.845816897522361614e+03
4.881842329185557095e-06,5.026630938995673205e+03
4.884947279206489375e-06,5.234328801973376358e+03
4.886460643713006281e-06,5.419172806387304263e+03
4.892013689811110198e-06,5.610557272502502201e+03
4.895946450096107472e-06,5.831133709135353456e+03
4.899892741347891798e-06,6.048699371173441250e+03
4.906294677945911339e-06,6.250244404843397206e+03
4.910262497722866423e-06,6.470964242680380266e+03
4.915869804171410633e-06,6.699478535207330424e+03
4.923081770418973913e-06,7.043880832218596879e+03
4.928711122326666972e-06,7.306712174769122612e+03
4.934377710823755174e-06,7.521111030445024880e+03
4.938408173263062934e-06,7.741800933067303959e+03
4.944092205341993167e-06,7.984357973010432033e+03
4.948944216985469098e-06,8.282262671307033088e+03
4.952991160891974784e-06,8.541752825465227943e+03
4.957855747220750429e-06,8.877567845137831682e+03
4.963594516022234842e-06,9.120465397582094738e+03
4.970999190721331726e-06,9.424362879146754494e+03
4.981764251955716080e-06,9.775995657842337096e+03
4.989253148717661909e-06,1.000481356099118602e+04
5.001813157269510098e-06,1.029840578016700056e+04
5.011928389567169655e-06,1.045846626796795499e+04
5.023767443776507113e-06,1.070325814445264950e+04
5.033984428879364458e-06,1.082781931401211841e+04
5.045108313430381006e-06,1.093268915121964528e+04
5.061463886708241751e-06,1.105989490067540646e+04
5.075374384991508789e-06,1.097493609232158815e+04
5.093740099042682749e-06,1.089062991215110378e+04
5.108708201826669742e-06,1.080694646292675679e+04
5.124636278940102088e-06,1.078613868453295981e+04
5.139755080390909101e-06,1.080694646292675679e+04
5.154062664124682832e-06,1.084870749942893599e+04
5.165705501063102145e-06,1.101734628731355951e+04
5.178288472094203343e-06,1.125348405697435555e+04
5.187308523474127515e-06,1.145048810677525944e+04
5.198164424178533543e-06,1.171849934269692676e+04
5.205394454380963825e-06,1.201591921951759650e+04
5.214495672229316572e-06,1.227348793425458098e+04
5.222679380757350944e-06,1.263362553175606445e+04
5.231759079587088632e-06,1.323195453575995816e+04
5.241834663099423459e-06,1.369925658442358690e+04
5.248239084581145814e-06,1.412843311574111431e+04
5.254670219524357787e-06,1.451499865751453763e+04
5.259235612177655407e-06,1.496976559605815419e+04
5.265674332786404763e-06,1.546852843506544741e+04
5.274954358457414019e-06,1.595317025186285173e+04
5.279566230838474450e-06,1.638966210137616144e+04
5.291713652674141301e-06,1.700117743673540826e+04
5.298265877578268911e-06,1.739914870879477530e+04
5.305743467303355637e-06,1.801357864669140690e+04
5.316134574757078968e-06,1.850644496327381785e+04
5.326577812246654664e-06,1.893960861017447314e+04
5.339042549499598791e-06,1.908622327514130666e+04
5.356433129753165050e-06,1.908622327514130666e+04
5.370078993861999994e-06,1.886670244263808854e+04
5.380848376840183359e-06,1.868568399694305117e+04
5.396607476675862561e-06,1.836424169680533305e+04
5.407559660253841693e-06,1.780639487209760046e+04
5.419551900609753783e-06,1.726545389139080362e+04
5.424661487561522359e-06,1.658036168334494505e+04
5.431747914751975496e-06,1.604571226209346969e+04
5.444831874481379995e-06,1.561838053440326985e+04
5.449935799756279360e-06,1.523179198218204510e+04
5.459105296314776615e-06,1.471221286821865942e+04
5.466246203008730645e-06,1.437573306490567848e+04
5.476478252083389004e-06,1.391217397554406671e+04
5.482663543741511735e-06,1.354169412868072322e+04
5.491931528794471914e-06,1.313031061421768209e+04
5.503262333911542923e-06,1.278062228451118608e+04
5.511551937282948308e-06,1.246427436005306481e+04
5.522963931731747551e-06,1.213232400411472918e+04
5.531297742013635907e-06,1.187771772452641926e+04
5.543821134154928234e-06,1.158371863232203941e+04
5.555361117916428324e-06,1.129697063850709492e+04
5.565886459255762920e-06,1.105989490067540646e+04
5.579619213307168916e-06,1.078613868453295981e+04
5.592321965634063208e-06,1.064152819388854368e+04
5.604039840240032767e-06,1.043832945603968255e+04
5.618990840483030412e-06,1.027855348266995315e+04
5.640460148738934072e-06,1.014077157110966982e+04
5.655583984291049874e-06,1.004347493363251670e+04
5.672986373486730705e-06,9.889742864694309901e+03
5.692640667997226881e-06,9.851695952930960630e+03
5.716814179528545940e-06,9.889742864694309901e+03
5.738979724184634714e-06,9.889742864694309901e+03
5.756823707060571547e-06,9.927959572270914578e+03
5.779257781481639809e-06,1.004347493363251670e+04
5.800729847829454218e-06,1.016033435754930360e+04
5.818933412781171016e-06,1.025876307621148771e+04
5.837207293240281095e-06,1.047866605425739726e+04
5.860218550990640583e-06,1.074461850055287505e+04
5.875233540533236250e-06,1.101734628731355951e+04
5.891515981326251359e-06,1.125348405697435555e+04
5.913751482873185090e-06,1.160606503981104834e+04
5.927864996431425328e-06,1.187771772452641926e+04
5.940859927592799563e-06,1.213232400411472918e+04
5.957476722649075604e-06,1.248831946704722759e+04
5.971792833729163959e-06,1.280530715054971552e+04
5.989792196139339337e-06,1.318104977376903480e+04
6.010326943754758748e-06,1.362024751818334698e+04
6.022438400994424827e-06,1.399287646451954788e+04
6.041985759039566215e-06,1.437573306490567848e+04
6.059217948857777386e-06,1.465561339212520033e+04
6.076556099677395616e-06,1.491214095021726098e+04
6.099003910681307102e-06,1.520242956703757227e+04
6.116589536472612374e-06,1.540901933108471712e+04
6.148307002183878842e-06,1.555825910891212516e+04
6.168833572272821203e-06,1.546852843506544741e+04
6.185646084547885051e-06,1.529061664022189689e+04
6.205179214883494846e-06,1.502757831718480156e+04
6.223515053749387916e-06,1.479755626594280147e+04
6.241998538123943056e-06,1.445912459244295678e+04
6.261905447732501482e-06,1.415572118286591103e+04
6.275273664684517023e-06,1.388538736805487861e+04
6.292727620543490793e-06,1.356781770994991530e+04
6.312967909290227271e-06,1.325751111805087021e+04
6.327944455834745058e-06,1.290443516614485270e+04
6.345693051212281243e-06,1.260930065133986318e+04
6.364910502993417199e-06,1.232091609348437487e+04
6.382838844170010512e-06,1.210896433354123474e+04
6.407832934979719932e-06,1.180921419802506716e+04
6.428784496857610538e-06,1.162845455624835085e+04
6.454019627964492384e-06,1.162845455624835085e+04
6.482238342828732717e-06,1.174110575863151462e+04
6.510675228638637125e-06,1.192361651796989827e+04
6.535020849984021718e-06,1.213232400411472918e+04
6.571191633033117621e-06,1.236849904871280523e+04
6.591566749500688906e-06,1.263362553175606445e+04
6.616500360930094398e-06,1.290443516614485270e+04
6.640145923846822882e-06,1.315564058646198646e+04
6.663961098460692091e-06,1.341176700279827128e+04
6.680401572299314136e-06,1.367284844679454000e+04
6.710558190940880727e-06,1.401990271358089922e+04
6.733358336537289346e-06,1.426530297841973879e+04
6.762482020250928055e-06,1.454299986204984634e+04
6.788792518207541157e-06,1.468388585965111815e+04
6.810574097343535405e-06,1.491214095021726098e+04
6.838822628296312441e-06,1.511475110381056948e+04
6.867306470719522568e-06,1.532014938244742552e+04
6.894397819164082390e-06,1.558830878359514645e+04
6.921727718612387148e-06,1.580010597941351443e+04
6.944347995166733653e-06,1.610771734167626346e+04
6.973709811382070249e-06,1.635806765318115868e+04
7.003262119495261702e-06,1.677328012317290995e+04
7.033110477506002495e-06,1.706687469858001350e+04
7.061483631834015410e-06,1.750007862882901463e+04
7.088387944636854500e-06,1.794423714076187025e+04
7.118967920506756557e-06,1.825832780434459710e+04
7.146277146920312714e-06,1.883037634767733107e+04
7.177287616882128755e-06,1.938291092743394620e+04
7.201575704764202195e-06,1.987485642419724172e+04
7.224243404988195768e-06,2.045808600342016871e+04
7.247091017665509083e-06,2.093692994991744490e+04
7.273605395269538058e-06,2.159285159916669363e+04
7.298529565248489898e-06,2.222644473420587019e+04
7.320038679084380177e-06,2.274673143300334050e+04
7.338022329601948925e-06,2.332405194675094390e+04
7.359765194051248864e-06,2.386997697026597962e+04
7.379774252705609188e-06,2.452307915817592584e+04
7.403574001313393471e-06,2.524265315854751680e+04
7.421976472334583558e-06,2.588338069368933429e+04
7.444142873945351025e-06,2.679742104464855584e+04
7.466503399125672317e-06,2.747754956905539802e+04
7.481418027973022662e-06,2.822935790822172203e+04
7.500181879410576150e-06,2.905768423163809712e+04
